id;name;category;description;address;phone;email;website;latitude;longitude;tags;sourceName;sourceUrl;coordinatesVerified;coordinateSource;status
autohaus-mitteldorf;Autohaus Mitteldorf KG;Mobilität;Mercedes-Benz Service- und Autohausstandort in Olfen.;Schlosserstr. 46, 59399 Olfen;+49 2595 2127-0;service.olfen@mitteldorf-mercedes-benz.de;https://www.autohaus-mitteldorf.de/;51.699040;7.387841;Autohaus|Mercedes-Benz|Werkstatt|Service|Mobilität;Website Autohaus Mitteldorf;https://www.autohaus-mitteldorf.de/;true;manuell geprüft;aktiv
olko-maschinentechnik;OLKO-Maschinentechnik GmbH;Industrie;Maschinenbauunternehmen für Schachtbau- und Fördertechnik.;Schlosserstraße 55, 59399 Olfen;+49 2595 38599-0;;https://www.ts-olko.com/;51.699319;7.388677;Maschinenbau|Fördertechnik|Industrie|Gewerbe;Impressum OLKO-Maschinentechnik;https://www.ts-olko.com/de/kontakt/impressum;true;manuell geprüft;aktiv
nsm-magnettechnik;NSM MAGNETTECHNIK GmbH;Industrie;Unternehmen für Automatisierung, Fördersysteme und Magnettechnik.;Lützowstraße 21, 59399 Olfen;+49 2592 88-0;nsm@nsm-magnettechnik.de;https://www.nsm-magnettechnik.de/;51.693393;7.444255;Automatisierung|Fördersysteme|Magnettechnik|Industrie;Kontaktseite NSM MAGNETTECHNIK;https://www.nsm-magnettechnik.de/de/kontakt;true;manuell geprüft;aktiv
ritter-starkstromtechnik;RITTER Starkstromtechnik GmbH & Co. KG;Handwerk;Standort Olfen für Schaltanlagen und Starkstromtechnik.;Niekamp 8, 59399 Olfen;+49 2595 381-0;olfen@ritter.info;https://www.ritter-starkstromtechnik.de/;51.715747;7.3709451;Elektrotechnik|Schaltanlagen|Starkstrom|Handwerk;Website RITTER Starkstromtechnik;https://www.ritter-starkstromtechnik.de/;true;manuell geprüft;aktiv
marien-apotheke;Marien-Apotheke;Gesundheit;Apotheke in Olfen mit Beratung, Rezeptservice und pharmazeutischen Dienstleistungen.;Bilholtstr. 22, 59399 Olfen;(02595) 5339;info@marien-apotheke-olfen.de;https://www.marien-apotheke-olfen.de/;51.70870224087376;7.380689741914855;Apotheke|Gesundheit|Medikamente|Beratung|Rezeptservice;Impressum Marien-Apotheke;https://www.marien-apotheke-olfen.de/impressum/;true;manuell – geprüft;aktiv
hotel-zum-steverstrand;Hotel Zum Steverstrand;Gastronomie;Hotel und Restaurant in Olfen mit Zimmern, Gastronomie und Saalvermietung.;Lüdinghauser Straße 31, 59399 Olfen;02595 3077;info@steverstrand.de;https://www.steverstrand.de/;51.708690416205634;7.3915984224639635;Hotel|Restaurant|Gastronomie|Übernachtung|Saalvermietung;Impressum Hotel Zum Steverstrand;https://www.steverstrand.de/impressum;true;manuell – geprüft;aktiv
lotto-etges;Lotto Etges;Einzelhandel;Lotto- und Einzelhandelsgeschäft in der Dompassage in Olfen.;Kirchstraße 10 / Dompassage, 59399 Olfen;02595 3858432;info@michael-etges.de;https://www.lotto-etges.de/;51.70661767956863;7.379024550060596;Lotto|Einzelhandel|Zeitschriften|Tabakwaren|Dompassage;Kontaktseite Lotto Etges;https://www.lotto-etges.de/kontakt.php;true;manuell – geprüft;aktiv
blumenhaus-trogemann;Blumenhaus Trogemann;Einzelhandel;Blumenfachgeschäft in Olfen mit Floristik, Bestellungen und Fleurop-Service.;Kirchstraße 8, 59399 Olfen;02595 1229;blumen-trogemann@t-online.de;https://www.blumen-trogemann.de/;51.70674293526389;7.378992587362387;Blumen|Floristik|Einzelhandel|Fleurop|Geschenke;Impressum Blumenhaus Trogemann;https://www.blumen-trogemann.de/impressum;true;manuell – geprüft;aktiv
malerbetrieb-tucholski;Malerbetrieb Ralf Tucholski;Handwerk;Malerbetrieb in Olfen mit Leistungen rund um Fassaden, Tapezierarbeiten, Lackierarbeiten und Bodenbeläge.;Robert-Bosch-Straße 9, 59399 Olfen;+49 2595 386832;info@maler-tucholski.de;https://www.maler-tucholski.de/;51.703911841401805;7.385975396291051;Maler|Handwerk|Fassade|Tapezieren|Lackieren|Bodenbeläge;Impressum Malerbetrieb Ralf Tucholski;https://www.maler-tucholski.de/Kontakt/Impressum/;true;manuell – geprüft;aktiv
t;Test Anbieter Olfen;Sonstiges;;Teststraße 1, 59399 Olfen;;;;51.7079;7.3786;Test|MVP|Demo;;;false;;deaktiviert
;;Sonstiges;;;;;;;;;;;false;;deaktiviert
adolf-faber-gebaeudereinigungs-gmbh-co-kg;Adolf Faber Gebäudereinigungs GmbH & Co.KG;Sonstiges;Importentwurf aus öffentlichem Branchenverzeichnis. Angaben, Kategorie, Adresse, Kontakt und Koordinaten bitte vor Aktivierung prüfen.;;;;;;;Gebäudereinigung;Gelbe Seiten Branchenbuch Olfen;https://www.gelbeseiten.de/branchenbuch/staedte/nordrhein-westfalen/coesfeld/olfen/unternehmen;false;noch prüfen;entwurf
agravis-technik-muensterland-ems-gmbh;AGRAVIS Technik Münsterland-Ems GmbH;Industrie;Importentwurf aus öffentlichem Branchenverzeichnis. Angaben, Kategorie, Adresse, Kontakt und Koordinaten bitte vor Aktivierung prüfen.;Robert-Bosch-Straße 31, 59399 Olfen;https://www.agravis.de/de/agravis-regional/landtechnik/agravis-technik-muensterland-ems/standorte/olfen;;https://www.agravis.de/de/agravis-regional/landtechnik/agravis-technik-muensterland-ems/standorte/olfen;51.70026930772223;7.382433734462829;Agrartechnik|Technikhandel;Gelbe Seiten Branchenbuch Olfen;https://www.gelbeseiten.de/branchenbuch/staedte/nordrhein-westfalen/coesfeld/olfen/unternehmen;true;noch prüfen;aktiv
anhaenger-park-lauber-gmbh;Anhänger-Park Lauber GmbH;Mobilität;Importentwurf aus öffentlichem Branchenverzeichnis. Angaben, Kategorie, Adresse, Kontakt und Koordinaten bitte vor Aktivierung prüfen.;;;;;;;Anhänger, Fahrzeugservice;Gelbe Seiten Branchenbuch Olfen;https://www.gelbeseiten.de/branchenbuch/staedte/nordrhein-westfalen/coesfeld/olfen/unternehmen;false;noch prüfen;entwurf
autohaus-friedrich-frohn-gmbh-co-kg-volkswagenpartner-bochum;Autohaus Friedrich Frohn GmbH & Co. KG Volkswagenpartner Bochum;Mobilität;Importentwurf aus öffentlichem Branchenverzeichnis. Angaben, Kategorie, Adresse, Kontakt und Koordinaten bitte vor Aktivierung prüfen.;;;;;;;Autohaus, Fahrzeuge;Gelbe Seiten Branchenbuch Olfen;https://www.gelbeseiten.de/branchenbuch/staedte/nordrhein-westfalen/coesfeld/olfen/unternehmen;false;noch prüfen;entwurf
bonberg-gmbh;Bonberg GmbH;Beratung;Importentwurf aus öffentlichem Branchenverzeichnis. Angaben, Kategorie, Adresse, Kontakt und Koordinaten bitte vor Aktivierung prüfen.;Oststraße 11;02595 3879790;;;51.707339;7.380923;Unternehmen, Dienstleistung;Gelbe Seiten Branchenbuch Olfen;https://www.gelbeseiten.de/branchenbuch/staedte/nordrhein-westfalen/coesfeld/olfen/unternehmen;true;geprüft;aktiv
caritasverband-fuer-den-kreis-coesfeld-e-v-wohnheim-f-menschen-mit-behinderungen;Caritasverband für den Kreis Coesfeld e.V. Wohnheim f. Menschen mit Behinderungen;Gesundheit;Importentwurf aus öffentlichem Branchenverzeichnis. Angaben, Kategorie, Adresse, Kontakt und Koordinaten bitte vor Aktivierung prüfen.;;;;;;;Soziales, Pflege;Gelbe Seiten Branchenbuch Olfen;https://www.gelbeseiten.de/branchenbuch/staedte/nordrhein-westfalen/coesfeld/olfen/unternehmen;false;noch prüfen;entwurf
droege-kg;Droege KG;Sonstiges;Importentwurf aus öffentlichem Branchenverzeichnis. Angaben, Kategorie, Adresse, Kontakt und Koordinaten bitte vor Aktivierung prüfen.;;;;;;;Unternehmen;Gelbe Seiten Branchenbuch Olfen;https://www.gelbeseiten.de/branchenbuch/staedte/nordrhein-westfalen/coesfeld/olfen/unternehmen;false;noch prüfen;entwurf
freizeitpark-gut-eversum;Freizeitpark Gut Eversum;Freizeit;Importentwurf aus öffentlichem Branchenverzeichnis. Angaben, Kategorie, Adresse, Kontakt und Koordinaten bitte vor Aktivierung prüfen.;;;;;;;Freizeitpark, Ausflugsziel;Gelbe Seiten Branchenbuch Olfen;https://www.gelbeseiten.de/branchenbuch/staedte/nordrhein-westfalen/coesfeld/olfen/unternehmen;false;noch prüfen;entwurf
froelich-paul;Frölich Paul;Sonstiges;Importentwurf aus öffentlichem Branchenverzeichnis. Angaben, Kategorie, Adresse, Kontakt und Koordinaten bitte vor Aktivierung prüfen.;;;;;;;Dienstleistung;Gelbe Seiten Branchenbuch Olfen;https://www.gelbeseiten.de/branchenbuch/staedte/nordrhein-westfalen/coesfeld/olfen/unternehmen;false;noch prüfen;entwurf
fuechtelner-muehle-inh-ernst-herbst;Füchtelner Mühle Inh. Ernst Herbst;Gastronomie;Importentwurf aus öffentlichem Branchenverzeichnis. Angaben, Kategorie, Adresse, Kontakt und Koordinaten bitte vor Aktivierung prüfen.;;;;;;;Mühle, Gastronomie;Gelbe Seiten Branchenbuch Olfen;https://www.gelbeseiten.de/branchenbuch/staedte/nordrhein-westfalen/coesfeld/olfen/unternehmen;false;noch prüfen;entwurf
gebrueder-di-fina-gmbh;Gebrüder Di Fina GmbH;Sonstiges;Importentwurf aus öffentlichem Branchenverzeichnis. Angaben, Kategorie, Adresse, Kontakt und Koordinaten bitte vor Aktivierung prüfen.;;;;;;;Unternehmen;Gelbe Seiten Branchenbuch Olfen;https://www.gelbeseiten.de/branchenbuch/staedte/nordrhein-westfalen/coesfeld/olfen/unternehmen;false;noch prüfen;entwurf
h-s-beschichtungssysteme-vertriebs-gmbh;H & S Beschichtungssysteme Vertriebs GmbH;Industrie;Importentwurf aus öffentlichem Branchenverzeichnis. Angaben, Kategorie, Adresse, Kontakt und Koordinaten bitte vor Aktivierung prüfen.;;;;;;;Beschichtungssysteme, Vertrieb;Gelbe Seiten Branchenbuch Olfen;https://www.gelbeseiten.de/branchenbuch/staedte/nordrhein-westfalen/coesfeld/olfen/unternehmen;false;noch prüfen;entwurf
h-m-maschinen-gmbh;H.M. Maschinen GmbH;Industrie;Importentwurf aus öffentlichem Branchenverzeichnis. Angaben, Kategorie, Adresse, Kontakt und Koordinaten bitte vor Aktivierung prüfen.;;;;;;;Maschinenbau, Industrie;Gelbe Seiten Branchenbuch Olfen;https://www.gelbeseiten.de/branchenbuch/staedte/nordrhein-westfalen/coesfeld/olfen/unternehmen;false;noch prüfen;entwurf
handy-oe;Handy Oe;Einzelhandel;Importentwurf aus öffentlichem Branchenverzeichnis. Angaben, Kategorie, Adresse, Kontakt und Koordinaten bitte vor Aktivierung prüfen.;;;;;;;Mobilfunk, Einzelhandel;Gelbe Seiten Branchenbuch Olfen;https://www.gelbeseiten.de/branchenbuch/staedte/nordrhein-westfalen/coesfeld/olfen/unternehmen;false;noch prüfen;entwurf
hanke-service-schaedlingsbekaempfung-holz-u-bautenschutz-gmbh;Hanke - Service Schädlingsbekämpfung Holz- u. Bautenschutz GmbH;Handwerk;Importentwurf aus öffentlichem Branchenverzeichnis. Angaben, Kategorie, Adresse, Kontakt und Koordinaten bitte vor Aktivierung prüfen.;;;;;;;Schädlingsbekämpfung, Bautenschutz;Gelbe Seiten Branchenbuch Olfen;https://www.gelbeseiten.de/branchenbuch/staedte/nordrhein-westfalen/coesfeld/olfen/unternehmen;false;noch prüfen;entwurf
heinz-dieter-niehues-bedachungen;Heinz-Dieter Niehues Bedachungen;Handwerk;Importentwurf aus öffentlichem Branchenverzeichnis. Angaben, Kategorie, Adresse, Kontakt und Koordinaten bitte vor Aktivierung prüfen.;;;;;;;Dachdecker, Bedachungen;Gelbe Seiten Branchenbuch Olfen;https://www.gelbeseiten.de/branchenbuch/staedte/nordrhein-westfalen/coesfeld/olfen/unternehmen;false;noch prüfen;entwurf
hoefler-klaus-versicherungsmakler;Höfler Klaus Versicherungsmakler;Beratung;Importentwurf aus öffentlichem Branchenverzeichnis. Angaben, Kategorie, Adresse, Kontakt und Koordinaten bitte vor Aktivierung prüfen.;;;;;;;Versicherung, Beratung;Gelbe Seiten Branchenbuch Olfen;https://www.gelbeseiten.de/branchenbuch/staedte/nordrhein-westfalen/coesfeld/olfen/unternehmen;false;noch prüfen;entwurf
huening-industriekeramik-gmbh;Hüning Industriekeramik GmbH;Industrie;Importentwurf aus öffentlichem Branchenverzeichnis. Angaben, Kategorie, Adresse, Kontakt und Koordinaten bitte vor Aktivierung prüfen.;;;;;;;Industriekeramik;Gelbe Seiten Branchenbuch Olfen;https://www.gelbeseiten.de/branchenbuch/staedte/nordrhein-westfalen/coesfeld/olfen/unternehmen;false;noch prüfen;entwurf
jks-gabelstapler;JKS Gabelstapler;Industrie;Importentwurf aus öffentlichem Branchenverzeichnis. Angaben, Kategorie, Adresse, Kontakt und Koordinaten bitte vor Aktivierung prüfen.;;;;;;;Gabelstapler, Technik;Gelbe Seiten Branchenbuch Olfen;https://www.gelbeseiten.de/branchenbuch/staedte/nordrhein-westfalen/coesfeld/olfen/unternehmen;false;noch prüfen;entwurf
kernmaxx-jozef-misura;Kernmaxx Jozef Misura;Sonstiges;Importentwurf aus öffentlichem Branchenverzeichnis. Angaben, Kategorie, Adresse, Kontakt und Koordinaten bitte vor Aktivierung prüfen.;;;;;;;Unternehmen;Gelbe Seiten Branchenbuch Olfen;https://www.gelbeseiten.de/branchenbuch/staedte/nordrhein-westfalen/coesfeld/olfen/unternehmen;false;noch prüfen;entwurf
kinderheim-st-josef-awg-olfen;Kinderheim St Josef, AWG Olfen;Gesundheit;Importentwurf aus öffentlichem Branchenverzeichnis. Angaben, Kategorie, Adresse, Kontakt und Koordinaten bitte vor Aktivierung prüfen.;;;;;;;Soziales, Kinderhilfe;Gelbe Seiten Branchenbuch Olfen;https://www.gelbeseiten.de/branchenbuch/staedte/nordrhein-westfalen/coesfeld/olfen/unternehmen;false;noch prüfen;entwurf
kinesiologie-gabriele-huette;Kinesiologie Gabriele Hütte;Gesundheit;Importentwurf aus öffentlichem Branchenverzeichnis. Angaben, Kategorie, Adresse, Kontakt und Koordinaten bitte vor Aktivierung prüfen.;;;;;;;Kinesiologie, Gesundheit;Gelbe Seiten Branchenbuch Olfen;https://www.gelbeseiten.de/branchenbuch/staedte/nordrhein-westfalen/coesfeld/olfen/unternehmen;false;noch prüfen;entwurf
kiro-nathaus-gmbh;KIRO-NATHAUS GmbH;Sonstiges;Importentwurf aus öffentlichem Branchenverzeichnis. Angaben, Kategorie, Adresse, Kontakt und Koordinaten bitte vor Aktivierung prüfen.;;;;;;;Unternehmen;Gelbe Seiten Branchenbuch Olfen;https://www.gelbeseiten.de/branchenbuch/staedte/nordrhein-westfalen/coesfeld/olfen/unternehmen;false;noch prüfen;entwurf
kranken-seniorenpflege-haeuslicher-pflegedienst;Kranken- Seniorenpflege Häuslicher Pflegedienst;Gesundheit;Importentwurf aus öffentlichem Branchenverzeichnis. Angaben, Kategorie, Adresse, Kontakt und Koordinaten bitte vor Aktivierung prüfen.;;;;;;;Pflege, Häuslicher Pflegedienst;Gelbe Seiten Branchenbuch Olfen;https://www.gelbeseiten.de/branchenbuch/staedte/nordrhein-westfalen/coesfeld/olfen/unternehmen;false;noch prüfen;entwurf
kunststoffe-gmbh;Kunststoffe GmbH;Industrie;Importentwurf aus öffentlichem Branchenverzeichnis. Angaben, Kategorie, Adresse, Kontakt und Koordinaten bitte vor Aktivierung prüfen.;;;;;;;Kunststoffe, Industrie;Gelbe Seiten Branchenbuch Olfen;https://www.gelbeseiten.de/branchenbuch/staedte/nordrhein-westfalen/coesfeld/olfen/unternehmen;false;noch prüfen;entwurf
l-s-technischer-handel-gmbh-co-kg;L&S Technischer Handel GmbH & Co.KG;Industrie;Importentwurf aus öffentlichem Branchenverzeichnis. Angaben, Kategorie, Adresse, Kontakt und Koordinaten bitte vor Aktivierung prüfen.;;;;;;;Technischer Handel;Gelbe Seiten Branchenbuch Olfen;https://www.gelbeseiten.de/branchenbuch/staedte/nordrhein-westfalen/coesfeld/olfen/unternehmen;false;noch prüfen;entwurf
laarmann-moebelspedition-gmbh;Laarmann Möbelspedition GmbH;Mobilität;Importentwurf aus öffentlichem Branchenverzeichnis. Angaben, Kategorie, Adresse, Kontakt und Koordinaten bitte vor Aktivierung prüfen.;;;;;;;Möbelspedition, Transport;Gelbe Seiten Branchenbuch Olfen;https://www.gelbeseiten.de/branchenbuch/staedte/nordrhein-westfalen/coesfeld/olfen/unternehmen;false;noch prüfen;entwurf
lenzmeier-e-k-rolllaeden-markisen-fenster;Lenzmeier e.K. Rollläden-Markisen-Fenster;Handwerk;Importentwurf aus öffentlichem Branchenverzeichnis. Angaben, Kategorie, Adresse, Kontakt und Koordinaten bitte vor Aktivierung prüfen.;;;;;;;Rollläden, Markisen, Fenster;Gelbe Seiten Branchenbuch Olfen;https://www.gelbeseiten.de/branchenbuch/staedte/nordrhein-westfalen/coesfeld/olfen/unternehmen;false;noch prüfen;entwurf
luening-c;Luening C.;Sonstiges;Importentwurf aus öffentlichem Branchenverzeichnis. Angaben, Kategorie, Adresse, Kontakt und Koordinaten bitte vor Aktivierung prüfen.;;;;;;;Unternehmen;Gelbe Seiten Branchenbuch Olfen;https://www.gelbeseiten.de/branchenbuch/staedte/nordrhein-westfalen/coesfeld/olfen/unternehmen;false;noch prüfen;entwurf
maier-freese-gabelstapler-vertriebs-gmbh;Maier + Freese Gabelstapler-Vertriebs GmbH;Industrie;Importentwurf aus öffentlichem Branchenverzeichnis. Angaben, Kategorie, Adresse, Kontakt und Koordinaten bitte vor Aktivierung prüfen.;;;;;;;Gabelstapler, Vertrieb;Gelbe Seiten Branchenbuch Olfen;https://www.gelbeseiten.de/branchenbuch/staedte/nordrhein-westfalen/coesfeld/olfen/unternehmen;false;noch prüfen;entwurf
malerfachbetrieb-borgert-inhaber-v-schuldeis;Malerfachbetrieb Borgert Inhaber V. Schuldeis;Handwerk;Importentwurf aus öffentlichem Branchenverzeichnis. Angaben, Kategorie, Adresse, Kontakt und Koordinaten bitte vor Aktivierung prüfen.;;;;;;;Malerfachbetrieb;Gelbe Seiten Branchenbuch Olfen;https://www.gelbeseiten.de/branchenbuch/staedte/nordrhein-westfalen/coesfeld/olfen/unternehmen;false;noch prüfen;entwurf
mann-diamanttechnik-gmbh-co-kg;mann diamanttechnik GmbH & Co. KG;Industrie;Importentwurf aus öffentlichem Branchenverzeichnis. Angaben, Kategorie, Adresse, Kontakt und Koordinaten bitte vor Aktivierung prüfen.;;;;;;;Diamanttechnik, Industrie;Gelbe Seiten Branchenbuch Olfen;https://www.gelbeseiten.de/branchenbuch/staedte/nordrhein-westfalen/coesfeld/olfen/unternehmen;false;noch prüfen;entwurf
marvin-luecke-sven-holtermann-walter-baljuk-internethandel;Marvin Lücke Sven Holtermann Walter Baljuk Internethandel;Einzelhandel;Importentwurf aus öffentlichem Branchenverzeichnis. Angaben, Kategorie, Adresse, Kontakt und Koordinaten bitte vor Aktivierung prüfen.;;;;;;;Internethandel;Gelbe Seiten Branchenbuch Olfen;https://www.gelbeseiten.de/branchenbuch/staedte/nordrhein-westfalen/coesfeld/olfen/unternehmen;false;noch prüfen;entwurf
meissner-media;meissner.media;Beratung;Importentwurf aus öffentlichem Branchenverzeichnis. Angaben, Kategorie, Adresse, Kontakt und Koordinaten bitte vor Aktivierung prüfen.;;;;;;;Medien, Marketing;Gelbe Seiten Branchenbuch Olfen;https://www.gelbeseiten.de/branchenbuch/staedte/nordrhein-westfalen/coesfeld/olfen/unternehmen;false;noch prüfen;entwurf
meisterdach-bau-gmbh;Meisterdach Bau GmbH;Handwerk;Importentwurf aus öffentlichem Branchenverzeichnis. Angaben, Kategorie, Adresse, Kontakt und Koordinaten bitte vor Aktivierung prüfen.;;;;;;;Dachbau, Bauhandwerk;Gelbe Seiten Branchenbuch Olfen;https://www.gelbeseiten.de/branchenbuch/staedte/nordrhein-westfalen/coesfeld/olfen/unternehmen;false;noch prüfen;entwurf
mkd-service;MKD Service;Sonstiges;Importentwurf aus öffentlichem Branchenverzeichnis. Angaben, Kategorie, Adresse, Kontakt und Koordinaten bitte vor Aktivierung prüfen.;;;;;;;Service;Gelbe Seiten Branchenbuch Olfen;https://www.gelbeseiten.de/branchenbuch/staedte/nordrhein-westfalen/coesfeld/olfen/unternehmen;false;noch prüfen;entwurf
moldtech-gmbh;MoldTech GmbH;Industrie;Importentwurf aus öffentlichem Branchenverzeichnis. Angaben, Kategorie, Adresse, Kontakt und Koordinaten bitte vor Aktivierung prüfen.;;;;;;;Formenbau, Technik;Gelbe Seiten Branchenbuch Olfen;https://www.gelbeseiten.de/branchenbuch/staedte/nordrhein-westfalen/coesfeld/olfen/unternehmen;false;noch prüfen;entwurf
moellers-reismann-gmbh-co-kg;MÖLLERS + REISMANN GMBH & CO. KG;Industrie;Importentwurf aus öffentlichem Branchenverzeichnis. Angaben, Kategorie, Adresse, Kontakt und Koordinaten bitte vor Aktivierung prüfen.;;;;;;;Industrie, Gewerbe;Gelbe Seiten Branchenbuch Olfen;https://www.gelbeseiten.de/branchenbuch/staedte/nordrhein-westfalen/coesfeld/olfen/unternehmen;false;noch prüfen;entwurf
nkd-deutschland-gmbh;NKD Deutschland GmbH;Einzelhandel;Importentwurf aus öffentlichem Branchenverzeichnis. Angaben, Kategorie, Adresse, Kontakt und Koordinaten bitte vor Aktivierung prüfen.;;;;;;;Textilhandel, Einzelhandel;Gelbe Seiten Branchenbuch Olfen;https://www.gelbeseiten.de/branchenbuch/staedte/nordrhein-westfalen/coesfeld/olfen/unternehmen;false;noch prüfen;entwurf
otto-andreas-nutz-und-verkaufsfahrzeuge;Otto Andreas Nutz- und Verkaufsfahrzeuge;Mobilität;Importentwurf aus öffentlichem Branchenverzeichnis. Angaben, Kategorie, Adresse, Kontakt und Koordinaten bitte vor Aktivierung prüfen.;;;;;;;Nutzfahrzeuge, Verkaufsfahrzeuge;Gelbe Seiten Branchenbuch Olfen;https://www.gelbeseiten.de/branchenbuch/staedte/nordrhein-westfalen/coesfeld/olfen/unternehmen;false;noch prüfen;entwurf
otto-barbara-kaesespezialitaeten;Otto Barbara Käsespezialitäten;Einzelhandel;Importentwurf aus öffentlichem Branchenverzeichnis. Angaben, Kategorie, Adresse, Kontakt und Koordinaten bitte vor Aktivierung prüfen.;;;;;;;Käsespezialitäten, Lebensmittel;Gelbe Seiten Branchenbuch Olfen;https://www.gelbeseiten.de/branchenbuch/staedte/nordrhein-westfalen/coesfeld/olfen/unternehmen;false;noch prüfen;entwurf
poll-ursula-wirtschaftsberatung-u-existenzgruendung;Poll Ursula Wirtschaftsberatung u. Existenzgründung;Beratung;Importentwurf aus öffentlichem Branchenverzeichnis. Angaben, Kategorie, Adresse, Kontakt und Koordinaten bitte vor Aktivierung prüfen.;;;;;;;Wirtschaftsberatung, Existenzgründung;Gelbe Seiten Branchenbuch Olfen;https://www.gelbeseiten.de/branchenbuch/staedte/nordrhein-westfalen/coesfeld/olfen/unternehmen;false;noch prüfen;entwurf
projekt-tv;Projekt.Tv;Beratung;Importentwurf aus öffentlichem Branchenverzeichnis. Angaben, Kategorie, Adresse, Kontakt und Koordinaten bitte vor Aktivierung prüfen.;;;;;;;Medien, TV;Gelbe Seiten Branchenbuch Olfen;https://www.gelbeseiten.de/branchenbuch/staedte/nordrhein-westfalen/coesfeld/olfen/unternehmen;false;noch prüfen;entwurf
paedagogische-praxis;Pädagogische Praxis;Gesundheit;Importentwurf aus öffentlichem Branchenverzeichnis. Angaben, Kategorie, Adresse, Kontakt und Koordinaten bitte vor Aktivierung prüfen.;;;;;;;Pädagogik, Beratung;Gelbe Seiten Branchenbuch Olfen;https://www.gelbeseiten.de/branchenbuch/staedte/nordrhein-westfalen/coesfeld/olfen/unternehmen;false;noch prüfen;entwurf
raiffeisen-luedinghausen-eg;Raiffeisen Lüdinghausen eG;Einzelhandel;Importentwurf aus öffentlichem Branchenverzeichnis. Angaben, Kategorie, Adresse, Kontakt und Koordinaten bitte vor Aktivierung prüfen.;;;;;;;Raiffeisen, Landwirtschaft;Gelbe Seiten Branchenbuch Olfen;https://www.gelbeseiten.de/branchenbuch/staedte/nordrhein-westfalen/coesfeld/olfen/unternehmen;false;noch prüfen;entwurf
renate-rindke-partikulierbetrieb;Renate Rindke Partikulierbetrieb;Mobilität;Importentwurf aus öffentlichem Branchenverzeichnis. Angaben, Kategorie, Adresse, Kontakt und Koordinaten bitte vor Aktivierung prüfen.;;;;;;;Schifffahrt, Transport;Gelbe Seiten Branchenbuch Olfen;https://www.gelbeseiten.de/branchenbuch/staedte/nordrhein-westfalen/coesfeld/olfen/unternehmen;false;noch prüfen;entwurf
rindke-ralf-schiffs-u-boots-tankservice;Rindke Ralf Schiffs- u. Boots Tankservice;Mobilität;Importentwurf aus öffentlichem Branchenverzeichnis. Angaben, Kategorie, Adresse, Kontakt und Koordinaten bitte vor Aktivierung prüfen.;;;;;;;Schiffsservice, Bootsservice;Gelbe Seiten Branchenbuch Olfen;https://www.gelbeseiten.de/branchenbuch/staedte/nordrhein-westfalen/coesfeld/olfen/unternehmen;false;noch prüfen;entwurf
rommelmann-gmbh;Rommelmann GmbH;Sonstiges;Importentwurf aus öffentlichem Branchenverzeichnis. Angaben, Kategorie, Adresse, Kontakt und Koordinaten bitte vor Aktivierung prüfen.;;;;;;;Unternehmen;Gelbe Seiten Branchenbuch Olfen;https://www.gelbeseiten.de/branchenbuch/staedte/nordrhein-westfalen/coesfeld/olfen/unternehmen;false;noch prüfen;entwurf
s-b-industrieservice-gmbh;S&B Industrieservice GmbH;Industrie;Importentwurf aus öffentlichem Branchenverzeichnis. Angaben, Kategorie, Adresse, Kontakt und Koordinaten bitte vor Aktivierung prüfen.;Im Berg 10;02595 2077717;mail@sub-industrieservice.de;https://www.sub-industrieservice.de/;51.675014;7.406233;Industrieservice;Gelbe Seiten Branchenbuch Olfen;https://www.gelbeseiten.de/branchenbuch/staedte/nordrhein-westfalen/coesfeld/olfen/unternehmen;true;noch prüfen;aktiv
schickentanz-brigitta-baubetreuung-u-immobilien-gmbh;Schickentanz Brigitta Baubetreuung u. Immobilien GmbH;Beratung;Importentwurf aus öffentlichem Branchenverzeichnis. Angaben, Kategorie, Adresse, Kontakt und Koordinaten bitte vor Aktivierung prüfen.;;;;;;;Baubetreuung, Immobilien;Gelbe Seiten Branchenbuch Olfen;https://www.gelbeseiten.de/branchenbuch/staedte/nordrhein-westfalen/coesfeld/olfen/unternehmen;false;noch prüfen;entwurf
bikertreff-nordkirchen-node-35497336;Bikertreff Nordkirchen;Gastronomie;Einrichtung: Restaurant, Tourismus: motorcycle meetingpoint. Bitte prüfen und Beschreibung ergänzen.;Berger 25, 59394 Nordkirchen;;;;51.7253536;7.5067789;Restaurant, motorcycle meetingpoint;OpenStreetMap / Overpass;https://www.openstreetmap.org/node/35497336;false;OpenStreetMap / Overpass Export;entwurf
shell-node-254325072;Shell;Mobilität;Einrichtung: Tankstelle. Bitte prüfen und Beschreibung ergänzen.;Seppenrader Straße 32, 59348 Lüdinghausen;+49 2591 70830;;;51.7660746;7.4256462;Tankstelle, Shell;OpenStreetMap / Overpass;https://www.openstreetmap.org/node/254325072;false;OpenStreetMap / Overpass Export;entwurf
deutsche-vermoegensberatung-witali-hermann-node-256332303;Deutsche Vermögensberatung Witali Hermann;Beratung;Büro/Dienstleistung: financial advisor. Bitte prüfen und Beschreibung ergänzen.;Olfen;+49 2592 91340;Witali.Hermann@dvag.de;https://www.dvag.de/witali.hermann/index.html;51.6997777;7.4684275;financial advisor, Deutsche Vermögensberatung, Witali Hermann;OpenStreetMap / Overpass;https://www.openstreetmap.org/node/256332303;false;OpenStreetMap / Overpass Export;entwurf
postfiliale-hoecke-lh-node-256510910;Postfiliale Höcke LH;Sonstiges;Einrichtung: post office. Bitte prüfen und Beschreibung ergänzen.;Janackerstiege 1, 59348 Lüdinghausen;;;;51.7714949;7.4500909;post office, Deutsche Post AG;OpenStreetMap / Overpass;https://www.openstreetmap.org/node/256510910;false;OpenStreetMap / Overpass Export;entwurf
marktkauf-nientied-node-269212244;Marktkauf Nientied;Einzelhandel;Einzelhandel: Supermarkt. Bitte prüfen und Beschreibung ergänzen.;Olfen;;;https://edeka-nientied.de/marktkauf-nientied-luedinghausen/;51.7645165;7.4265603;Supermarkt, MARKTKAUF;OpenStreetMap / Overpass;https://www.openstreetmap.org/node/269212244;false;OpenStreetMap / Overpass Export;entwurf
burg-luedinghausen-node-269365377;Burg Lüdinghausen;Freizeit;Tourismus: attraction. Bitte prüfen und Beschreibung ergänzen.;Amthaus 14, 59348 Lüdinghausen;;;;51.7714641;7.4396982;attraction;OpenStreetMap / Overpass;https://www.openstreetmap.org/node/269365377;false;OpenStreetMap / Overpass Export;entwurf
lidl-node-269903699;Lidl;Einzelhandel;Einzelhandel: Supermarkt. Bitte prüfen und Beschreibung ergänzen.;Valve 42, 59348 Lüdinghausen;;;;51.7665612;7.4591698;Supermarkt, Lidl;OpenStreetMap / Overpass;https://www.openstreetmap.org/node/269903699;false;OpenStreetMap / Overpass Export;entwurf
gasthaus-steverstrand-node-270180350;Gasthaus Steverstrand;Gastronomie;Einrichtung: Restaurant, Tourismus: Hotel. Bitte prüfen und Beschreibung ergänzen.;Lüdinghauser Straße 31, 59399 Olfen;;;;51.7086923;7.391511;Restaurant, Hotel;OpenStreetMap / Overpass;https://www.openstreetmap.org/node/270180350;false;OpenStreetMap / Overpass Export;entwurf
gaststaette-zur-kanalkueste-node-299044765;Gaststätte zur Kanalküste;Gastronomie;Einrichtung: Kneipe. Bitte prüfen und Beschreibung ergänzen.;Berenbrock 20, 59348 Lüdinghausen;+49 2591 88109;;;51.7817685;7.4033207;Kneipe;OpenStreetMap / Overpass;https://www.openstreetmap.org/node/299044765;false;OpenStreetMap / Overpass Export;entwurf
aral-nordkirchen-node-306608334;Aral Nordkirchen;Mobilität;Einrichtung: Tankstelle. Bitte prüfen und Beschreibung ergänzen.;Olfen;;;;51.7420332;7.5169157;Tankstelle, Aral;OpenStreetMap / Overpass;https://www.openstreetmap.org/node/306608334;false;OpenStreetMap / Overpass Export;entwurf
san-remo-node-312638354;San-Remo;Gastronomie;Einrichtung: Eisdiele. Bitte prüfen und Beschreibung ergänzen.;Wallgasse 9, 59348 Lüdinghausen;;;;51.7716477;7.4464163;Eisdiele;OpenStreetMap / Overpass;https://www.openstreetmap.org/node/312638354;false;OpenStreetMap / Overpass Export;entwurf
naundrups-hof-node-312817240;Naundrups Hof;Gastronomie;Einrichtung: Restaurant. Bitte prüfen und Beschreibung ergänzen.;Dülmener Straße 24, 59348 Lüdinghausen;+49 2591 8002;naundrupshof@t-online.de;https://naundrupshof.com/restaurant/;51.76425;7.3909143;Restaurant;OpenStreetMap / Overpass;https://www.openstreetmap.org/node/312817240;false;OpenStreetMap / Overpass Export;entwurf
restaurant-olympia-node-325159878;Restaurant Olympia;Gastronomie;Einrichtung: Restaurant. Bitte prüfen und Beschreibung ergänzen.;Olfener Straße 1, 59379 Selm;+49 2592 981733;;https://olympia-selm.de/;51.7052272;7.457616;Restaurant;OpenStreetMap / Overpass;https://www.openstreetmap.org/node/325159878;false;OpenStreetMap / Overpass Export;entwurf
goldener-drache-node-325822936;Goldener Drache;Gastronomie;Einrichtung: Restaurant. Bitte prüfen und Beschreibung ergänzen.;Olfener Straße 9, 59348 Lüdinghausen;;;;51.7665522;7.4356234;Restaurant;OpenStreetMap / Overpass;https://www.openstreetmap.org/node/325822936;false;OpenStreetMap / Overpass Export;entwurf
hellas-artemis-node-327583966;Hellas Artemis;Gastronomie;Einrichtung: Restaurant. Bitte prüfen und Beschreibung ergänzen.;Nottengartenweg 27, 59348 Lüdinghausen;;;https://www.restaurant-hellas-artemis.de/;51.769552;7.4311941;Restaurant;OpenStreetMap / Overpass;https://www.openstreetmap.org/node/327583966;false;OpenStreetMap / Overpass Export;entwurf
landhotel-jammertal-node-334105150;Landhotel Jammertal;Freizeit;Tourismus: Hotel. Bitte prüfen und Beschreibung ergänzen.;Redder Straße 421, 45711 Datteln;+49 2363 3770;;https://www.jammertal.de;51.6871048;7.2684237;Hotel;OpenStreetMap / Overpass;https://www.openstreetmap.org/node/334105150;false;OpenStreetMap / Overpass Export;entwurf
pension-breuckmann-node-336406447;Pension Breuckmann;Freizeit;Tourismus: Hotel. Bitte prüfen und Beschreibung ergänzen.;Lippestraße 5, 45711 Datteln;;;;51.7006953;7.3101813;Hotel;OpenStreetMap / Overpass;https://www.openstreetmap.org/node/336406447;false;OpenStreetMap / Overpass Export;entwurf
dorfkrug-node-340182522;Dorfkrug;Gastronomie;Einrichtung: Kneipe. Bitte prüfen und Beschreibung ergänzen.;Olfen;;;;51.7623708;7.3947232;Kneipe;OpenStreetMap / Overpass;https://www.openstreetmap.org/node/340182522;false;OpenStreetMap / Overpass Export;entwurf
volksbank-node-340182523;Volksbank;Sonstiges;Einrichtung: Bank. Bitte prüfen und Beschreibung ergänzen.;Dülmener Straße 30, 59348 Lüdinghausen;;;;51.7654517;7.3895999;Bank, Volksbank Lüdinghausen-Olfen eG;OpenStreetMap / Overpass;https://www.openstreetmap.org/node/340182523;false;OpenStreetMap / Overpass Export;entwurf
aral-node-342334109;ARAL;Mobilität;Einrichtung: Tankstelle. Bitte prüfen und Beschreibung ergänzen.;Olfen;;;;51.6557233;7.3517319;Tankstelle, Aral;OpenStreetMap / Overpass;https://www.openstreetmap.org/node/342334109;false;OpenStreetMap / Overpass Export;entwurf
hoelt-n-hahn-node-357434361;Hölt'n Hahn;Gastronomie;Einrichtung: Restaurant. Bitte prüfen und Beschreibung ergänzen.;Ondrup 84, 59348 Lüdinghausen;;;;51.7887914;7.3462233;Restaurant;OpenStreetMap / Overpass;https://www.openstreetmap.org/node/357434361;false;OpenStreetMap / Overpass Export;entwurf
esso-node-367675360;Esso;Mobilität;Einrichtung: Tankstelle. Bitte prüfen und Beschreibung ergänzen.;Olfen;;;;51.6634811;7.3489234;Tankstelle, Esso;OpenStreetMap / Overpass;https://www.openstreetmap.org/node/367675360;false;OpenStreetMap / Overpass Export;entwurf
lippehof-node-370051462;Lippehof;Gastronomie;Einrichtung: Restaurant. Bitte prüfen und Beschreibung ergänzen.;Lippestraße 4, 45711 Datteln;;;;51.7002414;7.309624;Restaurant;OpenStreetMap / Overpass;https://www.openstreetmap.org/node/370051462;false;OpenStreetMap / Overpass Export;entwurf
sparkasse-node-371238400;Sparkasse;Sonstiges;Einrichtung: Bank. Bitte prüfen und Beschreibung ergänzen.;Hauptstraße 40, 59379 Selm;;;;51.665431;7.4646778;Bank, Sparkasse;OpenStreetMap / Overpass;https://www.openstreetmap.org/node/371238400;false;OpenStreetMap / Overpass Export;entwurf
pizza-romantika-node-371446187;Pizza Romantika;Gastronomie;Einrichtung: Restaurant. Bitte prüfen und Beschreibung ergänzen.;Olfen;;;;51.7018143;7.4674384;Restaurant;OpenStreetMap / Overpass;https://www.openstreetmap.org/node/371446187;false;OpenStreetMap / Overpass Export;entwurf
autopro-kfz-vernekohl-node-374398751;Autopro KFZ-Vernekohl;Mobilität;Einrichtung: Tankstelle. Bitte prüfen und Beschreibung ergänzen.;Olfen;;;;51.6647893;7.4760528;Tankstelle;OpenStreetMap / Overpass;https://www.openstreetmap.org/node/374398751;false;OpenStreetMap / Overpass Export;entwurf
ahland-node-379796929;Ahland;Einzelhandel;Einzelhandel: Blumen. Bitte prüfen und Beschreibung ergänzen.;Lünener Straße 97, 59379 Selm;+49 2592 62894;mail@blumen-ahland.de;https://www.blumen-ahland.de;51.6642613;7.4864712;Blumen;OpenStreetMap / Overpass;https://www.openstreetmap.org/node/379796929;false;OpenStreetMap / Overpass Export;entwurf
shell-node-383241733;Shell;Mobilität;Einrichtung: Tankstelle. Bitte prüfen und Beschreibung ergänzen.;Sendener Straße 8, 59348 Lüdinghausen;+49 2591 4036;;;51.7771052;7.4478765;Tankstelle, Shell;OpenStreetMap / Overpass;https://www.openstreetmap.org/node/383241733;false;OpenStreetMap / Overpass Export;entwurf
ricordo-node-387799215;Ricordo;Gastronomie;Einrichtung: Restaurant. Bitte prüfen und Beschreibung ergänzen.;Sendener Straße 8, 59348 Lüdinghausen;;;https://www.ricordo.de/;51.7769617;7.4475636;Restaurant;OpenStreetMap / Overpass;https://www.openstreetmap.org/node/387799215;false;OpenStreetMap / Overpass Export;entwurf
kaisergarten-node-391067209;Kaisergarten;Gastronomie;Einrichtung: Restaurant. Bitte prüfen und Beschreibung ergänzen.;Ahsener Straße 100, 45711 Datteln;+49 2363 366683;kaisergartendatteln45711@gmail.com;https://kaisergarten-datteln.metro.rest;51.6711028;7.327604;Restaurant;OpenStreetMap / Overpass;https://www.openstreetmap.org/node/391067209;false;OpenStreetMap / Overpass Export;entwurf
volksbank-node-392096147;Volksbank;Sonstiges;Einrichtung: Bank. Bitte prüfen und Beschreibung ergänzen.;Wilhelmstraße 6, 59348 Lüdinghausen;;;;51.7717685;7.4460659;Bank, Volksbank;OpenStreetMap / Overpass;https://www.openstreetmap.org/node/392096147;false;OpenStreetMap / Overpass Export;entwurf
sparkasse-westmuensterland-node-392096153;Sparkasse Westmünsterland;Sonstiges;Einrichtung: Bank. Bitte prüfen und Beschreibung ergänzen.;Graf-Wedel-Straße 7, 59348 Lüdinghausen;;;;51.7692794;7.4405034;Bank, Sparkasse;OpenStreetMap / Overpass;https://www.openstreetmap.org/node/392096153;false;OpenStreetMap / Overpass Export;entwurf
sparkasse-node-392927623;Sparkasse;Sonstiges;Einrichtung: Bank. Bitte prüfen und Beschreibung ergänzen.;Bilholtstraße 16, 59399 Olfen;+49 2595 3850033;info@sparkasse-westmuensterland.de;https://www.sparkasse-westmuensterland.de/module/ihre_sparkasse/filialfinder/index.php#details/15932;51.7086939;7.3800379;Bank, Sparkasse Westmünsterland;OpenStreetMap / Overpass;https://www.openstreetmap.org/node/392927623;false;OpenStreetMap / Overpass Export;entwurf
fuechtelner-muehle-node-393218878;Füchtelner Mühle;Gastronomie;Einrichtung: Restaurant. Bitte prüfen und Beschreibung ergänzen.;Kökelsumer Straße 66, 59399 Olfen;;;;51.7230796;7.3541713;Restaurant;OpenStreetMap / Overpass;https://www.openstreetmap.org/node/393218878;false;OpenStreetMap / Overpass Export;entwurf
zum-forsthaus-node-428018898;Zum Forsthaus;Gastronomie;Einrichtung: Restaurant. Bitte prüfen und Beschreibung ergänzen.;Selmer Straße 111, 59399 Olfen;;;;51.702865;7.4079844;Restaurant;OpenStreetMap / Overpass;https://www.openstreetmap.org/node/428018898;false;OpenStreetMap / Overpass Export;entwurf
vfh-node-431472498;VFH;Beratung;Büro/Dienstleistung: insurance. Bitte prüfen und Beschreibung ergänzen.;Olfen;;;;51.7701074;7.443682;insurance;OpenStreetMap / Overpass;https://www.openstreetmap.org/node/431472498;false;OpenStreetMap / Overpass Export;entwurf
eis-venezia-node-432010513;Eis Venezia;Gastronomie;Einrichtung: Café. Bitte prüfen und Beschreibung ergänzen.;Olfen;;;;51.7070243;7.3792134;Café;OpenStreetMap / Overpass;https://www.openstreetmap.org/node/432010513;false;OpenStreetMap / Overpass Export;entwurf
volksbank-node-432010519;Volksbank;Sonstiges;Einrichtung: Bank. Bitte prüfen und Beschreibung ergänzen.;Zur Geest 3, 59399 Olfen;+49 2595 3880;info@vobadirekt.de;https://www.vobadirekt.de/wir_fuer_sie/filialen/geschaeftsstelle_olfen.html;51.7082015;7.3794144;Bank, Volksbank Lüdinghausen-Olfen eG;OpenStreetMap / Overpass;https://www.openstreetmap.org/node/432010519;false;OpenStreetMap / Overpass Export;entwurf
k-k-node-432010542;K+K;Einzelhandel;Einzelhandel: Supermarkt. Bitte prüfen und Beschreibung ergänzen.;Olfen;+49 2595 386033;;;51.7059928;7.3792518;Supermarkt, K+K;OpenStreetMap / Overpass;https://www.openstreetmap.org/node/432010542;false;OpenStreetMap / Overpass Export;entwurf
steuerberatung-worms-node-436483517;Steuerberatung Worms;Beratung;Büro/Dienstleistung: tax advisor. Bitte prüfen und Beschreibung ergänzen.;Münsterstraße 32, 59348 Lüdinghausen;;;;51.7734356;7.4445645;tax advisor;OpenStreetMap / Overpass;https://www.openstreetmap.org/node/436483517;false;OpenStreetMap / Overpass Export;entwurf
genussmanufaktur-fuchs-node-436483519;Genußmanufaktur Fuchs;Einzelhandel;Einzelhandel: deli. Bitte prüfen und Beschreibung ergänzen.;Münsterstraße 18, 59348 Lüdinghausen;;;;51.7728299;7.444689;deli;OpenStreetMap / Overpass;https://www.openstreetmap.org/node/436483519;false;OpenStreetMap / Overpass Export;entwurf
lucies-laden-node-436483524;Lucies Laden;Einzelhandel;Einzelhandel: deli. Bitte prüfen und Beschreibung ergänzen.;Hermannstraße 17, 59348 Lüdinghausen;;;https://www.lucies-laden.de/;51.7714223;7.4460483;deli;OpenStreetMap / Overpass;https://www.openstreetmap.org/node/436483524;false;OpenStreetMap / Overpass Export;entwurf
dr-lang-node-436611620;Dr. Lang;Gesundheit;Einrichtung: Zahnarzt, Gesundheit: Zahnarzt. Bitte prüfen und Beschreibung ergänzen.;Hauptstraße 40a, 59379 Selm;+49 2592 978797-5;info@doc-lang.de;https://www.doc-lang.de;51.665474;7.4644723;Zahnarzt;OpenStreetMap / Overpass;https://www.openstreetmap.org/node/436611620;false;OpenStreetMap / Overpass Export;entwurf
joker-node-437465438;Joker;Gastronomie;Einrichtung: Imbiss. Bitte prüfen und Beschreibung ergänzen.;Breslauer Ring 2, 59348 Lüdinghausen;;;https://joker-lieferservice.de/;51.7603753;7.4495537;Imbiss;OpenStreetMap / Overpass;https://www.openstreetmap.org/node/437465438;false;OpenStreetMap / Overpass Export;entwurf
burghof-node-443724522;Burghof;Gastronomie;Einrichtung: Restaurant. Bitte prüfen und Beschreibung ergänzen.;Burgstraße 8, 59348 Lüdinghausen;;;https://burghof-luedinghausen.de/;51.7715413;7.4433964;Restaurant;OpenStreetMap / Overpass;https://www.openstreetmap.org/node/443724522;false;OpenStreetMap / Overpass Export;entwurf
markt-apotheke-node-455564455;Markt-Apotheke;Gesundheit;Einrichtung: Apotheke, Gesundheit: Apotheke. Bitte prüfen und Beschreibung ergänzen.;Markt 13, 59348 Lüdinghausen;;;;51.7718761;7.4449866;Apotheke;OpenStreetMap / Overpass;https://www.openstreetmap.org/node/455564455;false;OpenStreetMap / Overpass Export;entwurf
koekelsumer-bauernladen-caf-node-456182275;Kökelsumer Bauernladen & Café;Gastronomie;Einrichtung: Café. Bitte prüfen und Beschreibung ergänzen.;Kökelsum 2, 59399 Olfen;+49 2595 1073;;https://koekelsumer-bauernladen.de/;51.7261509;7.3615812;Café;OpenStreetMap / Overpass;https://www.openstreetmap.org/node/456182275;false;OpenStreetMap / Overpass Export;entwurf
a-balloon-node-459783264;A Balloon;Einzelhandel;Einzelhandel: toys. Bitte prüfen und Beschreibung ergänzen.;Münsterstraße 19, 59348 Lüdinghausen;;;;51.7728462;7.4448895;toys;OpenStreetMap / Overpass;https://www.openstreetmap.org/node/459783264;false;OpenStreetMap / Overpass Export;entwurf
becks-node-460741326;Becks;Freizeit;Tourismus: Pension. Bitte prüfen und Beschreibung ergänzen.;Am Dorn 29, 59348 Lüdinghausen;+49 2591 1361;;;51.7620091;7.3993881;Pension;OpenStreetMap / Overpass;https://www.openstreetmap.org/node/460741326;false;OpenStreetMap / Overpass Export;entwurf
marien-apotheke-node-460741338;Marien-Apotheke;Gesundheit;Einrichtung: Apotheke. Bitte prüfen und Beschreibung ergänzen.;Dattelner Straße 13, 59348 Lüdinghausen;+49 2591 8031;;https://www.marienapotheke-seppenrade.de/;51.7615968;7.3951998;Apotheke;OpenStreetMap / Overpass;https://www.openstreetmap.org/node/460741338;false;OpenStreetMap / Overpass Export;entwurf
bikertreff-nordkirchen-node-35497336;Bikertreff Nordkirchen;Gastronomie;Einrichtung: Restaurant, Tourismus: motorcycle meetingpoint. Bitte prüfen und Beschreibung ergänzen.;Berger 25, 59394 Nordkirchen;;;;51.7253536;7.5067789;Restaurant, motorcycle meetingpoint;OpenStreetMap / Overpass;https://www.openstreetmap.org/node/35497336;false;OpenStreetMap / Overpass Export;entwurf
shell-node-254325072;Shell;Mobilität;Einrichtung: Tankstelle. Bitte prüfen und Beschreibung ergänzen.;Seppenrader Straße 32, 59348 Lüdinghausen;+49 2591 70830;;;51.7660746;7.4256462;Tankstelle, Shell;OpenStreetMap / Overpass;https://www.openstreetmap.org/node/254325072;false;OpenStreetMap / Overpass Export;entwurf
deutsche-vermoegensberatung-witali-hermann-node-256332303;Deutsche Vermögensberatung Witali Hermann;Beratung;Büro/Dienstleistung: financial advisor. Bitte prüfen und Beschreibung ergänzen.;Olfen;+49 2592 91340;Witali.Hermann@dvag.de;https://www.dvag.de/witali.hermann/index.html;51.6997777;7.4684275;financial advisor, Deutsche Vermögensberatung, Witali Hermann;OpenStreetMap / Overpass;https://www.openstreetmap.org/node/256332303;false;OpenStreetMap / Overpass Export;entwurf
postfiliale-hoecke-lh-node-256510910;Postfiliale Höcke LH;Sonstiges;Einrichtung: post office. Bitte prüfen und Beschreibung ergänzen.;Janackerstiege 1, 59348 Lüdinghausen;;;;51.7714949;7.4500909;post office, Deutsche Post AG;OpenStreetMap / Overpass;https://www.openstreetmap.org/node/256510910;false;OpenStreetMap / Overpass Export;entwurf
marktkauf-nientied-node-269212244;Marktkauf Nientied;Einzelhandel;Einzelhandel: Supermarkt. Bitte prüfen und Beschreibung ergänzen.;Olfen;;;https://edeka-nientied.de/marktkauf-nientied-luedinghausen/;51.7645165;7.4265603;Supermarkt, MARKTKAUF;OpenStreetMap / Overpass;https://www.openstreetmap.org/node/269212244;false;OpenStreetMap / Overpass Export;entwurf
burg-luedinghausen-node-269365377;Burg Lüdinghausen;Freizeit;Tourismus: attraction. Bitte prüfen und Beschreibung ergänzen.;Amthaus 14, 59348 Lüdinghausen;;;;51.7714641;7.4396982;attraction;OpenStreetMap / Overpass;https://www.openstreetmap.org/node/269365377;false;OpenStreetMap / Overpass Export;entwurf
lidl-node-269903699;Lidl;Einzelhandel;Einzelhandel: Supermarkt. Bitte prüfen und Beschreibung ergänzen.;Valve 42, 59348 Lüdinghausen;;;;51.7665612;7.4591698;Supermarkt, Lidl;OpenStreetMap / Overpass;https://www.openstreetmap.org/node/269903699;false;OpenStreetMap / Overpass Export;entwurf
gasthaus-steverstrand-node-270180350;Gasthaus Steverstrand;Gastronomie;Einrichtung: Restaurant, Tourismus: Hotel. Bitte prüfen und Beschreibung ergänzen.;Lüdinghauser Straße 31, 59399 Olfen;;;;51.7086923;7.391511;Restaurant, Hotel;OpenStreetMap / Overpass;https://www.openstreetmap.org/node/270180350;false;OpenStreetMap / Overpass Export;entwurf
gaststaette-zur-kanalkueste-node-299044765;Gaststätte zur Kanalküste;Gastronomie;Einrichtung: Kneipe. Bitte prüfen und Beschreibung ergänzen.;Berenbrock 20, 59348 Lüdinghausen;+49 2591 88109;;;51.7817685;7.4033207;Kneipe;OpenStreetMap / Overpass;https://www.openstreetmap.org/node/299044765;false;OpenStreetMap / Overpass Export;entwurf
aral-nordkirchen-node-306608334;Aral Nordkirchen;Mobilität;Einrichtung: Tankstelle. Bitte prüfen und Beschreibung ergänzen.;Olfen;;;;51.7420332;7.5169157;Tankstelle, Aral;OpenStreetMap / Overpass;https://www.openstreetmap.org/node/306608334;false;OpenStreetMap / Overpass Export;entwurf
san-remo-node-312638354;San-Remo;Gastronomie;Einrichtung: Eisdiele. Bitte prüfen und Beschreibung ergänzen.;Wallgasse 9, 59348 Lüdinghausen;;;;51.7716477;7.4464163;Eisdiele;OpenStreetMap / Overpass;https://www.openstreetmap.org/node/312638354;false;OpenStreetMap / Overpass Export;entwurf
naundrups-hof-node-312817240;Naundrups Hof;Gastronomie;Einrichtung: Restaurant. Bitte prüfen und Beschreibung ergänzen.;Dülmener Straße 24, 59348 Lüdinghausen;+49 2591 8002;naundrupshof@t-online.de;https://naundrupshof.com/restaurant/;51.76425;7.3909143;Restaurant;OpenStreetMap / Overpass;https://www.openstreetmap.org/node/312817240;false;OpenStreetMap / Overpass Export;entwurf
restaurant-olympia-node-325159878;Restaurant Olympia;Gastronomie;Einrichtung: Restaurant. Bitte prüfen und Beschreibung ergänzen.;Olfener Straße 1, 59379 Selm;+49 2592 981733;;https://olympia-selm.de/;51.7052272;7.457616;Restaurant;OpenStreetMap / Overpass;https://www.openstreetmap.org/node/325159878;false;OpenStreetMap / Overpass Export;entwurf
goldener-drache-node-325822936;Goldener Drache;Gastronomie;Einrichtung: Restaurant. Bitte prüfen und Beschreibung ergänzen.;Olfener Straße 9, 59348 Lüdinghausen;;;;51.7665522;7.4356234;Restaurant;OpenStreetMap / Overpass;https://www.openstreetmap.org/node/325822936;false;OpenStreetMap / Overpass Export;entwurf
hellas-artemis-node-327583966;Hellas Artemis;Gastronomie;Einrichtung: Restaurant. Bitte prüfen und Beschreibung ergänzen.;Nottengartenweg 27, 59348 Lüdinghausen;;;https://www.restaurant-hellas-artemis.de/;51.769552;7.4311941;Restaurant;OpenStreetMap / Overpass;https://www.openstreetmap.org/node/327583966;false;OpenStreetMap / Overpass Export;entwurf
landhotel-jammertal-node-334105150;Landhotel Jammertal;Freizeit;Tourismus: Hotel. Bitte prüfen und Beschreibung ergänzen.;Redder Straße 421, 45711 Datteln;+49 2363 3770;;https://www.jammertal.de;51.6871048;7.2684237;Hotel;OpenStreetMap / Overpass;https://www.openstreetmap.org/node/334105150;false;OpenStreetMap / Overpass Export;entwurf
pension-breuckmann-node-336406447;Pension Breuckmann;Freizeit;Tourismus: Hotel. Bitte prüfen und Beschreibung ergänzen.;Lippestraße 5, 45711 Datteln;;;;51.7006953;7.3101813;Hotel;OpenStreetMap / Overpass;https://www.openstreetmap.org/node/336406447;false;OpenStreetMap / Overpass Export;entwurf
dorfkrug-node-340182522;Dorfkrug;Gastronomie;Einrichtung: Kneipe. Bitte prüfen und Beschreibung ergänzen.;Olfen;;;;51.7623708;7.3947232;Kneipe;OpenStreetMap / Overpass;https://www.openstreetmap.org/node/340182522;false;OpenStreetMap / Overpass Export;entwurf
volksbank-node-340182523;Volksbank;Sonstiges;Einrichtung: Bank. Bitte prüfen und Beschreibung ergänzen.;Dülmener Straße 30, 59348 Lüdinghausen;;;;51.7654517;7.3895999;Bank, Volksbank Lüdinghausen-Olfen eG;OpenStreetMap / Overpass;https://www.openstreetmap.org/node/340182523;false;OpenStreetMap / Overpass Export;entwurf
aral-node-342334109;ARAL;Mobilität;Einrichtung: Tankstelle. Bitte prüfen und Beschreibung ergänzen.;Olfen;;;;51.6557233;7.3517319;Tankstelle, Aral;OpenStreetMap / Overpass;https://www.openstreetmap.org/node/342334109;false;OpenStreetMap / Overpass Export;entwurf
hoelt-n-hahn-node-357434361;Hölt'n Hahn;Gastronomie;Einrichtung: Restaurant. Bitte prüfen und Beschreibung ergänzen.;Ondrup 84, 59348 Lüdinghausen;;;;51.7887914;7.3462233;Restaurant;OpenStreetMap / Overpass;https://www.openstreetmap.org/node/357434361;false;OpenStreetMap / Overpass Export;entwurf
esso-node-367675360;Esso;Mobilität;Einrichtung: Tankstelle. Bitte prüfen und Beschreibung ergänzen.;Olfen;;;;51.6634811;7.3489234;Tankstelle, Esso;OpenStreetMap / Overpass;https://www.openstreetmap.org/node/367675360;false;OpenStreetMap / Overpass Export;entwurf
lippehof-node-370051462;Lippehof;Gastronomie;Einrichtung: Restaurant. Bitte prüfen und Beschreibung ergänzen.;Lippestraße 4, 45711 Datteln;;;;51.7002414;7.309624;Restaurant;OpenStreetMap / Overpass;https://www.openstreetmap.org/node/370051462;false;OpenStreetMap / Overpass Export;entwurf
sparkasse-node-371238400;Sparkasse;Sonstiges;Einrichtung: Bank. Bitte prüfen und Beschreibung ergänzen.;Hauptstraße 40, 59379 Selm;;;;51.665431;7.4646778;Bank, Sparkasse;OpenStreetMap / Overpass;https://www.openstreetmap.org/node/371238400;false;OpenStreetMap / Overpass Export;entwurf
pizza-romantika-node-371446187;Pizza Romantika;Gastronomie;Einrichtung: Restaurant. Bitte prüfen und Beschreibung ergänzen.;Olfen;;;;51.7018143;7.4674384;Restaurant;OpenStreetMap / Overpass;https://www.openstreetmap.org/node/371446187;false;OpenStreetMap / Overpass Export;entwurf
autopro-kfz-vernekohl-node-374398751;Autopro KFZ-Vernekohl;Mobilität;Einrichtung: Tankstelle. Bitte prüfen und Beschreibung ergänzen.;Olfen;;;;51.6647893;7.4760528;Tankstelle;OpenStreetMap / Overpass;https://www.openstreetmap.org/node/374398751;false;OpenStreetMap / Overpass Export;entwurf
ahland-node-379796929;Ahland;Einzelhandel;Einzelhandel: Blumen. Bitte prüfen und Beschreibung ergänzen.;Lünener Straße 97, 59379 Selm;+49 2592 62894;mail@blumen-ahland.de;https://www.blumen-ahland.de;51.6642613;7.4864712;Blumen;OpenStreetMap / Overpass;https://www.openstreetmap.org/node/379796929;false;OpenStreetMap / Overpass Export;entwurf
shell-node-383241733;Shell;Mobilität;Einrichtung: Tankstelle. Bitte prüfen und Beschreibung ergänzen.;Sendener Straße 8, 59348 Lüdinghausen;+49 2591 4036;;;51.7771052;7.4478765;Tankstelle, Shell;OpenStreetMap / Overpass;https://www.openstreetmap.org/node/383241733;false;OpenStreetMap / Overpass Export;entwurf
ricordo-node-387799215;Ricordo;Gastronomie;Einrichtung: Restaurant. Bitte prüfen und Beschreibung ergänzen.;Sendener Straße 8, 59348 Lüdinghausen;;;https://www.ricordo.de/;51.7769617;7.4475636;Restaurant;OpenStreetMap / Overpass;https://www.openstreetmap.org/node/387799215;false;OpenStreetMap / Overpass Export;entwurf
kaisergarten-node-391067209;Kaisergarten;Gastronomie;Einrichtung: Restaurant. Bitte prüfen und Beschreibung ergänzen.;Ahsener Straße 100, 45711 Datteln;+49 2363 366683;kaisergartendatteln45711@gmail.com;https://kaisergarten-datteln.metro.rest;51.6711028;7.327604;Restaurant;OpenStreetMap / Overpass;https://www.openstreetmap.org/node/391067209;false;OpenStreetMap / Overpass Export;entwurf
volksbank-node-392096147;Volksbank;Sonstiges;Einrichtung: Bank. Bitte prüfen und Beschreibung ergänzen.;Wilhelmstraße 6, 59348 Lüdinghausen;;;;51.7717685;7.4460659;Bank, Volksbank;OpenStreetMap / Overpass;https://www.openstreetmap.org/node/392096147;false;OpenStreetMap / Overpass Export;entwurf
sparkasse-westmuensterland-node-392096153;Sparkasse Westmünsterland;Sonstiges;Einrichtung: Bank. Bitte prüfen und Beschreibung ergänzen.;Graf-Wedel-Straße 7, 59348 Lüdinghausen;;;;51.7692794;7.4405034;Bank, Sparkasse;OpenStreetMap / Overpass;https://www.openstreetmap.org/node/392096153;false;OpenStreetMap / Overpass Export;entwurf
sparkasse-node-392927623;Sparkasse;Sonstiges;Einrichtung: Bank. Bitte prüfen und Beschreibung ergänzen.;Bilholtstraße 16, 59399 Olfen;+49 2595 3850033;info@sparkasse-westmuensterland.de;https://www.sparkasse-westmuensterland.de/module/ihre_sparkasse/filialfinder/index.php#details/15932;51.7086939;7.3800379;Bank, Sparkasse Westmünsterland;OpenStreetMap / Overpass;https://www.openstreetmap.org/node/392927623;false;OpenStreetMap / Overpass Export;entwurf
fuechtelner-muehle-node-393218878;Füchtelner Mühle;Gastronomie;Einrichtung: Restaurant. Bitte prüfen und Beschreibung ergänzen.;Kökelsumer Straße 66, 59399 Olfen;;;;51.7230796;7.3541713;Restaurant;OpenStreetMap / Overpass;https://www.openstreetmap.org/node/393218878;false;OpenStreetMap / Overpass Export;entwurf
zum-forsthaus-node-428018898;Zum Forsthaus;Gastronomie;Einrichtung: Restaurant. Bitte prüfen und Beschreibung ergänzen.;Selmer Straße 111, 59399 Olfen;;;;51.702865;7.4079844;Restaurant;OpenStreetMap / Overpass;https://www.openstreetmap.org/node/428018898;false;OpenStreetMap / Overpass Export;entwurf
vfh-node-431472498;VFH;Beratung;Büro/Dienstleistung: insurance. Bitte prüfen und Beschreibung ergänzen.;Olfen;;;;51.7701074;7.443682;insurance;OpenStreetMap / Overpass;https://www.openstreetmap.org/node/431472498;false;OpenStreetMap / Overpass Export;entwurf
eis-venezia-node-432010513;Eis Venezia;Gastronomie;Einrichtung: Café. Bitte prüfen und Beschreibung ergänzen.;Olfen;;;;51.7070243;7.3792134;Café;OpenStreetMap / Overpass;https://www.openstreetmap.org/node/432010513;false;OpenStreetMap / Overpass Export;entwurf
volksbank-node-432010519;Volksbank;Sonstiges;Einrichtung: Bank. Bitte prüfen und Beschreibung ergänzen.;Zur Geest 3, 59399 Olfen;+49 2595 3880;info@vobadirekt.de;https://www.vobadirekt.de/wir_fuer_sie/filialen/geschaeftsstelle_olfen.html;51.7082015;7.3794144;Bank, Volksbank Lüdinghausen-Olfen eG;OpenStreetMap / Overpass;https://www.openstreetmap.org/node/432010519;false;OpenStreetMap / Overpass Export;entwurf
k-k-node-432010542;K+K;Einzelhandel;Einzelhandel: Supermarkt. Bitte prüfen und Beschreibung ergänzen.;Olfen;+49 2595 386033;;;51.7059928;7.3792518;Supermarkt, K+K;OpenStreetMap / Overpass;https://www.openstreetmap.org/node/432010542;false;OpenStreetMap / Overpass Export;entwurf
steuerberatung-worms-node-436483517;Steuerberatung Worms;Beratung;Büro/Dienstleistung: tax advisor. Bitte prüfen und Beschreibung ergänzen.;Münsterstraße 32, 59348 Lüdinghausen;;;;51.7734356;7.4445645;tax advisor;OpenStreetMap / Overpass;https://www.openstreetmap.org/node/436483517;false;OpenStreetMap / Overpass Export;entwurf
genussmanufaktur-fuchs-node-436483519;Genußmanufaktur Fuchs;Einzelhandel;Einzelhandel: deli. Bitte prüfen und Beschreibung ergänzen.;Münsterstraße 18, 59348 Lüdinghausen;;;;51.7728299;7.444689;deli;OpenStreetMap / Overpass;https://www.openstreetmap.org/node/436483519;false;OpenStreetMap / Overpass Export;entwurf
lucies-laden-node-436483524;Lucies Laden;Einzelhandel;Einzelhandel: deli. Bitte prüfen und Beschreibung ergänzen.;Hermannstraße 17, 59348 Lüdinghausen;;;https://www.lucies-laden.de/;51.7714223;7.4460483;deli;OpenStreetMap / Overpass;https://www.openstreetmap.org/node/436483524;false;OpenStreetMap / Overpass Export;entwurf
dr-lang-node-436611620;Dr. Lang;Gesundheit;Einrichtung: Zahnarzt, Gesundheit: Zahnarzt. Bitte prüfen und Beschreibung ergänzen.;Hauptstraße 40a, 59379 Selm;+49 2592 978797-5;info@doc-lang.de;https://www.doc-lang.de;51.665474;7.4644723;Zahnarzt;OpenStreetMap / Overpass;https://www.openstreetmap.org/node/436611620;false;OpenStreetMap / Overpass Export;entwurf
joker-node-437465438;Joker;Gastronomie;Einrichtung: Imbiss. Bitte prüfen und Beschreibung ergänzen.;Breslauer Ring 2, 59348 Lüdinghausen;;;https://joker-lieferservice.de/;51.7603753;7.4495537;Imbiss;OpenStreetMap / Overpass;https://www.openstreetmap.org/node/437465438;false;OpenStreetMap / Overpass Export;entwurf
burghof-node-443724522;Burghof;Gastronomie;Einrichtung: Restaurant. Bitte prüfen und Beschreibung ergänzen.;Burgstraße 8, 59348 Lüdinghausen;;;https://burghof-luedinghausen.de/;51.7715413;7.4433964;Restaurant;OpenStreetMap / Overpass;https://www.openstreetmap.org/node/443724522;false;OpenStreetMap / Overpass Export;entwurf
markt-apotheke-node-455564455;Markt-Apotheke;Gesundheit;Einrichtung: Apotheke, Gesundheit: Apotheke. Bitte prüfen und Beschreibung ergänzen.;Markt 13, 59348 Lüdinghausen;;;;51.7718761;7.4449866;Apotheke;OpenStreetMap / Overpass;https://www.openstreetmap.org/node/455564455;false;OpenStreetMap / Overpass Export;entwurf
koekelsumer-bauernladen-caf-node-456182275;Kökelsumer Bauernladen & Café;Gastronomie;Einrichtung: Café. Bitte prüfen und Beschreibung ergänzen.;Kökelsum 2, 59399 Olfen;+49 2595 1073;;https://koekelsumer-bauernladen.de/;51.7261509;7.3615812;Café;OpenStreetMap / Overpass;https://www.openstreetmap.org/node/456182275;false;OpenStreetMap / Overpass Export;entwurf
a-balloon-node-459783264;A Balloon;Einzelhandel;Einzelhandel: toys. Bitte prüfen und Beschreibung ergänzen.;Münsterstraße 19, 59348 Lüdinghausen;;;;51.7728462;7.4448895;toys;OpenStreetMap / Overpass;https://www.openstreetmap.org/node/459783264;false;OpenStreetMap / Overpass Export;entwurf
becks-node-460741326;Becks;Freizeit;Tourismus: Pension. Bitte prüfen und Beschreibung ergänzen.;Am Dorn 29, 59348 Lüdinghausen;+49 2591 1361;;;51.7620091;7.3993881;Pension;OpenStreetMap / Overpass;https://www.openstreetmap.org/node/460741326;false;OpenStreetMap / Overpass Export;entwurf
marien-apotheke-node-460741338;Marien-Apotheke;Gesundheit;Einrichtung: Apotheke. Bitte prüfen und Beschreibung ergänzen.;Dattelner Straße 13, 59348 Lüdinghausen;+49 2591 8031;;https://www.marienapotheke-seppenrade.de/;51.7615968;7.3951998;Apotheke;OpenStreetMap / Overpass;https://www.openstreetmap.org/node/460741338;false;OpenStreetMap / Overpass Export;entwurf
